-- phpMyAdmin SQL Dump
-- version 5.2.0
-- https://www.phpmyadmin.net/
--
-- Máy chủ: 127.0.0.1
-- Thời gian đã tạo: Th1 07, 2023 lúc 03:45 AM
-- Phiên bản máy phục vụ: 10.4.27-MariaDB
-- Phiên bản PHP: 8.1.12

SET SQL_MODE = "NO_AUTO_VALUE_ON_ZERO";
START TRANSACTION;
SET time_zone = "+00:00";


/*!40101 SET @OLD_CHARACTER_SET_CLIENT=@@CHARACTER_SET_CLIENT */;
/*!40101 SET @OLD_CHARACTER_SET_RESULTS=@@CHARACTER_SET_RESULTS */;
/*!40101 SET @OLD_COLLATION_CONNECTION=@@COLLATION_CONNECTION */;
/*!40101 SET NAMES utf8mb4 */;

--
-- Cơ sở dữ liệu: `website_guimidemo`
--

-- --------------------------------------------------------

--
-- Cấu trúc bảng cho bảng `brands`
--

CREATE TABLE `brands` (
  `brand_id` int(5) NOT NULL,
  `brand_name` varchar(50) NOT NULL
) ENGINE=InnoDB DEFAULT CHARSET=utf8 COLLATE=utf8_unicode_ci;

--
-- Đang đổ dữ liệu cho bảng `brands`
--

INSERT INTO `brands` (`brand_id`, `brand_name`) VALUES
(1, 'Cetaphil'),
(2, 'La Roche Posay'),
(3, 'Cocoon'),
(4, 'Bioderma'),
(5, 'Obagi'),
(6, '3CE');

-- --------------------------------------------------------

--
-- Cấu trúc bảng cho bảng `form`
--

CREATE TABLE `form` (
  `id` int(11) NOT NULL,
  `fname` varchar(22) NOT NULL,
  `lname` varchar(22) NOT NULL,
  `email` varchar(22) NOT NULL,
  `password` varchar(22) NOT NULL
) ENGINE=InnoDB DEFAULT CHARSET=utf8 COLLATE=utf8_unicode_ci;

--
-- Đang đổ dữ liệu cho bảng `form`
--

INSERT INTO `form` (`id`, `fname`, `lname`, `email`, `password`) VALUES
(1, 'Khanh', 'Khanh Hoang', 'khanh@gmail.com', '123'),
(2, 'admin', 'admin', 'admin@gmail.com', '123'),
(5, 'Trần Văn A', 'A', 'a@gmail.com', '345'),
(6, 'abc', 'abcsd', 'abc@gmail.com', 'ss');

-- --------------------------------------------------------

--
-- Cấu trúc bảng cho bảng `products`
--

CREATE TABLE `products` (
  `prd_id` int(5) NOT NULL,
  `prd_name` varchar(255) NOT NULL,
  `image` char(50) NOT NULL,
  `price` int(10) NOT NULL,
  `quantity` int(10) NOT NULL,
  `description` varchar(500) NOT NULL,
  `brand_id` int(5) NOT NULL
) ENGINE=InnoDB DEFAULT CHARSET=utf8 COLLATE=utf8_unicode_ci;

--
-- Đang đổ dữ liệu cho bảng `products`
--

INSERT INTO `products` (`prd_id`, `prd_name`, `image`, `price`, `quantity`, `description`, `brand_id`) VALUES
(1, 'Sữa rửa mặt Cetaphil', '4.png', 315, 1, 'Sữa Rửa Mặt Cetaphil Gentle Skin Cleanser phiên bản mới ra mắt năm 2022 từ thương hiệu Cetaphil với công thức khoa học mới cho làn da nhạy cảm, giúp làm sạch da, loại bỏ bụi bẩn, phù hợp cho mọi loại da, không làm khô da và duy trì hàng rào bảo vệ da suốt ngày dài.', 1),
(2, 'Kem chống nắng La Roche Posay', '5.png', 412, 1, 'Kem Chống Nắng La Roche-Posay Anthelios Anti-Shine Gel-Cream Dry Touch Finish Mattifying Effect SPF50+ đến từ thương hiệu dược mỹ phẩm La Roche-Posay là sản phẩm kem chống nắng dành cho làn da dầu mụn, sở hữu công nghệ cải tiến XL-Protect cùng kết cấu kem gel dịu nhẹ & không nhờn rít, giúp ngăn ngừa tia UVA/UVB + tia hồng ngoại + tác hại từ ô nhiễm, bảo vệ toàn diện cho làn da luôn khỏe mạnh.', 2),
(3, 'Tẩy Tế Bào Chết Toàn Thân Cocoon Cà Phê Đắk Lắk', '6.png', 125, 1, 'Tẩy Da Chết Toàn Thân Cocoon Cà Phê Đắk Lắk là dòng tẩy tế bào chết toàn thân từ thương hiệu mỹ phẩm Cocoon của Việt Nam là một trong những sản phẩm với thành phần tự nhiên có nguồn gốc trong nước như hạt cà phê Đắk Lắk nguyên chất xay nhuyễn, hòa quyện cùng bơ cacao Tiền Giang giúp loại bỏ tế bào chết hiệu quả, làm đều màu da, mang lại năng lượng, giúp da trở nên mềm mại và rạng rỡ giúp mang đến cho bạn sản phẩm thuần chay tốt nhất với niềm tự hào từ nguyên liệu thuần Việt.', 3),
(4, 'Nước Tẩy Trang Bioderma Dành Cho Da Nhạy Cảm 500ml', '7.png', 371, 1, 'Nước Tẩy Trang Dành Cho Da Nhạy Cảm Bioderma Sensibio H2O là sản phẩm nước tẩy trang công nghệ Micellar đầu tiên trên thế giới, do thương hiệu dược mỹ phẩm Bioderma nổi tiếng của Pháp phát minh. Dung dịch giúp làm sạch sâu da và loại bỏ lớp trang điểm nhanh chóng mà không cần rửa lại bằng nước. Công thức dịu nhẹ, không kích ứng, không gây khô căng da, đặc biệt phù hợp với làn da nhạy cảm.   ', 4);

-- --------------------------------------------------------

--
-- Cấu trúc bảng cho bảng `tbl_brand`
--

CREATE TABLE `tbl_brand` (
  `brand_id` int(11) NOT NULL,
  `cartegory_id` int(11) NOT NULL,
  `brand_name` varchar(255) NOT NULL
) ENGINE=InnoDB DEFAULT CHARSET=utf8 COLLATE=utf8_unicode_ci;

--
-- Đang đổ dữ liệu cho bảng `tbl_brand`
--

INSERT INTO `tbl_brand` (`brand_id`, `cartegory_id`, `brand_name`) VALUES
(7, 21, 'Dưỡng da'),
(8, 21, 'Chăm sóc cơ thể'),
(9, 21, 'Trang điểm mắt,môi'),
(10, 21, 'Trang điểm nền'),
(11, 21, 'Làm sạch'),
(12, 23, 'Chống lão hoá'),
(13, 23, 'Trị mụn'),
(14, 23, 'Dưỡng da'),
(15, 26, 'Chống nắng da mặt'),
(16, 26, 'Sữa rửa mặt'),
(17, 26, 'Son dưỡng môi'),
(18, 26, 'Serum tinh chất'),
(19, 26, 'Sữa tắm'),
(20, 26, 'Thực phẩm chức năng'),
(21, 27, 'Cetaphil');

-- --------------------------------------------------------

--
-- Cấu trúc bảng cho bảng `tbl_cartegory`
--

CREATE TABLE `tbl_cartegory` (
  `cartegory_id` int(11) NOT NULL,
  `cartegory_name` varchar(255) NOT NULL
) ENGINE=InnoDB DEFAULT CHARSET=utf8 COLLATE=utf8_unicode_ci;

--
-- Đang đổ dữ liệu cho bảng `tbl_cartegory`
--

INSERT INTO `tbl_cartegory` (`cartegory_id`, `cartegory_name`) VALUES
(21, 'SẢN PHẨM'),
(23, 'DÒNG SẢN PHẨM'),
(24, 'SẢN PHẨM MỚI'),
(25, 'KHUYẾN MÃI'),
(26, 'DANH MỤC'),
(27, 'THƯƠNG HIỆU');

-- --------------------------------------------------------

--
-- Cấu trúc bảng cho bảng `tbl_product`
--

CREATE TABLE `tbl_product` (
  `product_id` int(11) NOT NULL,
  `product_name` varchar(255) NOT NULL,
  `cartegory_id` int(11) NOT NULL,
  `brand_id` int(11) NOT NULL,
  `product_price` varchar(255) NOT NULL,
  `product_price_new` varchar(255) NOT NULL,
  `product_desc` varchar(5000) NOT NULL,
  `product_img` varchar(255) NOT NULL
) ENGINE=InnoDB DEFAULT CHARSET=utf8 COLLATE=utf8_unicode_ci;

-- --------------------------------------------------------

--
-- Cấu trúc bảng cho bảng `tbl_product_img_desc`
--

CREATE TABLE `tbl_product_img_desc` (
  `product_id` int(11) NOT NULL,
  `product_img_desc` varchar(255) NOT NULL
) ENGINE=InnoDB DEFAULT CHARSET=utf8 COLLATE=utf8_unicode_ci;

--
-- Đang đổ dữ liệu cho bảng `tbl_product_img_desc`
--

INSERT INTO `tbl_product_img_desc` (`product_id`, `product_img_desc`) VALUES
(2, '13.PNG'),
(2, '24.PNG'),
(3, '13.PNG'),
(3, '24.PNG'),
(4, '13.PNG'),
(4, '24.PNG'),
(5, '13.PNG'),
(5, '24.PNG');

--
-- Chỉ mục cho các bảng đã đổ
--

--
-- Chỉ mục cho bảng `brands`
--
ALTER TABLE `brands`
  ADD PRIMARY KEY (`brand_id`);

--
-- Chỉ mục cho bảng `form`
--
ALTER TABLE `form`
  ADD PRIMARY KEY (`id`);

--
-- Chỉ mục cho bảng `products`
--
ALTER TABLE `products`
  ADD PRIMARY KEY (`prd_id`),
  ADD KEY `brand_id` (`brand_id`);

--
-- Chỉ mục cho bảng `tbl_brand`
--
ALTER TABLE `tbl_brand`
  ADD PRIMARY KEY (`brand_id`);

--
-- Chỉ mục cho bảng `tbl_cartegory`
--
ALTER TABLE `tbl_cartegory`
  ADD PRIMARY KEY (`cartegory_id`);

--
-- Chỉ mục cho bảng `tbl_product`
--
ALTER TABLE `tbl_product`
  ADD PRIMARY KEY (`product_id`);

--
-- AUTO_INCREMENT cho các bảng đã đổ
--

--
-- AUTO_INCREMENT cho bảng `brands`
--
ALTER TABLE `brands`
  MODIFY `brand_id` int(5) NOT NULL AUTO_INCREMENT, AUTO_INCREMENT=7;

--
-- AUTO_INCREMENT cho bảng `form`
--
ALTER TABLE `form`
  MODIFY `id` int(11) NOT NULL AUTO_INCREMENT, AUTO_INCREMENT=8;

--
-- AUTO_INCREMENT cho bảng `products`
--
ALTER TABLE `products`
  MODIFY `prd_id` int(5) NOT NULL AUTO_INCREMENT, AUTO_INCREMENT=5;

--
-- AUTO_INCREMENT cho bảng `tbl_brand`
--
ALTER TABLE `tbl_brand`
  MODIFY `brand_id` int(11) NOT NULL AUTO_INCREMENT, AUTO_INCREMENT=22;

--
-- AUTO_INCREMENT cho bảng `tbl_cartegory`
--
ALTER TABLE `tbl_cartegory`
  MODIFY `cartegory_id` int(11) NOT NULL AUTO_INCREMENT, AUTO_INCREMENT=32;

--
-- AUTO_INCREMENT cho bảng `tbl_product`
--
ALTER TABLE `tbl_product`
  MODIFY `product_id` int(11) NOT NULL AUTO_INCREMENT, AUTO_INCREMENT=6;

--
-- Các ràng buộc cho các bảng đã đổ
--

--
-- Các ràng buộc cho bảng `products`
--
ALTER TABLE `products`
  ADD CONSTRAINT `products_ibfk_1` FOREIGN KEY (`brand_id`) REFERENCES `brands` (`brand_id`);
COMMIT;

/*!40101 SET CHARACTER_SET_CLIENT=@OLD_CHARACTER_SET_CLIENT */;
/*!40101 SET CHARACTER_SET_RESULTS=@OLD_CHARACTER_SET_RESULTS */;
/*!40101 SET COLLATION_CONNECTION=@OLD_COLLATION_CONNECTION */;
